t,thr_h,in_system,q_induct,robots_busy,moving,boxes,blocked
60.0,45600.0,916,3,1089,856,1,0
120.0,97560.0,991,2,1177,950,26,0
180.0,101280.0,932,0,1125,908,68,0
240.0,96300.0,981,0,1169,939,114,0
300.0,101040.0,907,0,1125,890,162,0
360.0,99120.0,955,0,1187,942,221,0
420.0,100800.0,955,0,1180,929,272,0
480.0,98160.0,994,0,1209,925,332,0
540.0,102300.0,952,2,1200,947,396,0
600.0,100020.0,969,10,1186,905,459,0
660.0,99540.0,963,2,1189,883,527,0
720.0,99660.0,934,0,1168,896,605,0
780.0,100200.0,945,0,1225,948,673,0
840.0,99900.0,933,3,1180,892,741,0
900.0,99900.0,967,1,1234,930,812,0
960.0,102060.0,981,3,1267,959,890,0
1020.0,101160.0,999,2,1282,955,954,0
1080.0,101460.0,1003,8,1267,959,1021,0
1140.0,103260.0,919,0,1201,910,1091,0
1200.0,98220.0,943,0,1204,902,1148,0
1260.0,101580.0,917,2,1194,907,1223,0
1320.0,95460.0,979,0,1255,947,1287,0
1380.0,100740.0,968,0,1254,953,1354,0
1440.0,102180.0,967,0,1248,947,1420,0
1500.0,101520.0,935,3,1202,890,1490,0
1560.0,99240.0,936,1,1215,929,1559,0
1620.0,101340.0,956,0,1239,926,1625,0
1680.0,99840.0,968,2,1226,932,1687,0
1740.0,100980.0,905,0,1172,896,1748,0
1800.0,94920.0,935,0,1211,909,1818,0
1860.0,99900.0,938,3,1214,917,1882,0
1920.0,100200.0,951,1,1231,920,1955,0
1980.0,101520.0,900,0,1185,897,2028,0
2040.0,97500.0,952,0,1237,945,2097,0
2100.0,99660.0,958,3,1224,914,2164,0
2160.0,99840.0,959,3,1233,929,2235,0
2220.0,102000.0,926,1,1209,909,2297,0
2280.0,100680.0,949,2,1208,925,2371,0
2340.0,100140.0,953,9,1216,911,2440,0
2400.0,100740.0,928,0,1184,933,2501,0
2460.0,98100.0,957,0,1198,912,2579,0
2520.0,99840.0,929,0,1194,908,2642,0
2580.0,99000.0,972,0,1224,938,2708,0
2640.0,101400.0,935,0,1207,932,2772,0
2700.0,98160.0,1004,5,1260,952,2842,0
2760.0,103500.0,1000,0,1265,958,2916,0
2820.0,102180.0,937,1,1198,899,2994,0
2880.0,99900.0,992,4,1246,934,3061,0
2940.0,102420.0,907,0,1170,895,3130,0
3000.0,96180.0,967,0,1229,934,3211,0
3060.0,100080.0,938,2,1188,897,3277,0
3120.0,97260.0,979,10,1203,897,3340,0
3180.0,100500.0,937,0,1209,902,3413,0
3240.0,98880.0,926,0,1211,901,3481,0
3300.0,100140.0,940,2,1233,941,3551,0
3360.0,101940.0,971,0,1262,958,3611,0
3420.0,100920.0,928,0,1201,883,3684,0
3480.0,97740.0,998,0,1285,958,3745,0
3540.0,102180.0,964,0,1249,955,3810,0
3600.0,97380.0,915,0,1173,882,3879,0
3660.0,97080.0,951,0,1232,942,3949,0
3720.0,101160.0,943,1,1244,943,4024,0
3780.0,98160.0,927,0,1227,920,4082,0
3840.0,102480.0,962,5,1254,942,4152,0
3900.0,99960.0,1016,1,1290,983,4220,0
3960.0,103920.0,923,0,1219,928,4292,0
4020.0,98640.0,960,1,1246,945,4354,0
4080.0,100200.0,943,0,1234,923,4432,0
4140.0,98700.0,971,0,1236,933,4499,0
4200.0,102300.0,995,8,1276,958,4550,0
4260.0,102300.0,971,0,1262,969,4630,0
4320.0,101520.0,918,4,1205,896,4702,0
4380.0,99000.0,1025,4,1295,967,4762,0
4440.0,99300.0,994,4,1258,925,4836,0
4500.0,103080.0,989,6,1267,939,4904,0
4560.0,101700.0,957,1,1228,914,4977,0
4620.0,100500.0,986,4,1254,908,5031,0
4680.0,104400.0,996,1,1296,972,5104,0
4740.0,102840.0,990,0,1291,972,5173,0
4800.0,102540.0,914,0,1223,901,5244,0
4860.0,101160.0,976,0,1291,978,5317,0
4920.0,101640.0,974,3,1261,929,5383,0
4980.0,99180.0,986,1,1275,942,5453,0
5040.0,101700.0,1002,2,1298,958,5516,0
5100.0,103560.0,963,2,1254,951,5595,0
5160.0,99420.0,953,0,1231,920,5654,0
5220.0,101280.0,896,0,1186,912,5717,0
5280.0,96900.0,955,2,1225,931,5787,0
5340.0,99780.0,959,0,1230,948,5860,0
5400.0,100860.0,891,0,1163,886,5931,0
5460.0,97560.0,965,3,1238,928,5999,0
5520.0,99660.0,996,12,1243,932,6067,0
5580.0,103140.0,957,0,1241,954,6141,0
5640.0,100440.0,913,0,1169,924,6210,0
5700.0,94560.0,955,0,1179,913,6268,0
5760.0,99900.0,952,1,1205,922,6333,0
5820.0,99180.0,946,0,1189,919,6393,0
5880.0,100020.0,980,2,1244,940,6459,0
5940.0,102420.0,908,0,1155,884,6525,0
6000.0,98580.0,865,1,1113,850,6604,0
6060.0,96060.0,930,0,1189,925,6667,0
6120.0,97500.0,920,0,1159,891,6737,0
6180.0,98400.0,937,0,1182,906,6793,0
6240.0,101580.0,956,0,1242,942,6861,0
6300.0,100440.0,964,2,1237,937,6941,0
6360.0,99240.0,981,0,1225,952,6995,0
6420.0,102780.0,969,0,1228,962,7061,0
6480.0,100020.0,907,1,1161,884,7128,0
6540.0,97680.0,950,0,1222,925,7196,0
6600.0,100380.0,901,0,1185,896,7267,0
6660.0,95880.0,990,0,1254,951,7338,0
6720.0,101820.0,992,0,1254,957,7414,0
6780.0,101820.0,934,3,1187,905,7480,0
6840.0,98760.0,949,1,1211,923,7563,0
6900.0,102000.0,904,0,1200,934,7627,0
6960.0,98940.0,920,4,1169,883,7690,0
7020.0,99600.0,904,3,1157,901,7757,0
7080.0,98580.0,989,0,1251,951,7828,0
7140.0,101280.0,960,6,1205,914,7893,0
7200.0,99060.0,905,1,1150,871,7963,0
7260.0,96180.0,895,0,1128,864,8022,0
7320.0,97680.0,974,0,1245,970,8084,0
7380.0,100260.0,1002,3,1247,944,8155,0
7440.0,102480.0,926,0,1192,926,8225,0
7500.0,98700.0,979,0,1230,938,8292,0
7560.0,100260.0,935,0,1200,902,8353,0
7620.0,101400.0,999,5,1273,961,8432,0
7680.0,98940.0,912,0,1158,892,8505,0
7740.0,95760.0,934,0,1184,903,8568,0
7800.0,96900.0,894,0,1160,868,8631,0
7860.0,96840.0,943,1,1211,907,8693,0
7920.0,98940.0,1006,6,1281,960,8769,0
7980.0,103500.0,957,2,1258,943,8832,0
8040.0,98220.0,957,3,1228,911,8899,0
8100.0,100740.0,979,0,1266,950,8967,0
8160.0,103200.0,1001,0,1284,974,9035,0
8220.0,102780.0,963,0,1247,951,9107,0
8280.0,99840.0,1034,0,1281,954,9164,0
8340.0,102360.0,920,1,1191,922,9228,0
8400.0,99480.0,949,0,1215,902,9304,0
8460.0,102720.0,885,0,1161,890,9381,0
8520.0,97080.0,898,2,1167,894,9446,0
8580.0,96720.0,940,1,1199,915,9508,0
8640.0,97500.0,960,0,1201,924,9579,0
8700.0,100200.0,966,0,1220,919,9647,0
8760.0,101100.0,947,5,1202,911,9709,0
8820.0,101700.0,943,0,1244,950,9782,0
8880.0,102000.0,910,0,1176,911,9841,0
8940.0,97920.0,988,3,1258,941,9926,0
9000.0,102360.0,942,0,1176,904,9994,0
9060.0,99240.0,979,12,1212,908,10071,0
9120.0,102420.0,1013,2,1283,993,10131,0
9180.0,105420.0,900,2,1170,880,10197,0
9240.0,98460.0,899,0,1162,895,10276,1
9300.0,97740.0,883,0,1153,870,10333,0
9360.0,96420.0,887,4,1163,864,10392,0
9420.0,97440.0,954,5,1221,908,10469,0
9480.0,99780.0,906,0,1165,864,10536,0
9540.0,98340.0,909,2,1173,902,10600,0
9600.0,97200.0,913,0,1190,902,10661,0
9660.0,100140.0,963,1,1257,930,10736,0
9720.0,100800.0,1012,9,1285,936,10809,0
9780.0,105360.0,954,0,1261,945,10874,0
9840.0,102780.0,918,0,1201,898,10946,0
9900.0,101340.0,953,2,1285,953,11020,0
9960.0,100200.0,920,4,1225,885,11088,0
10020.0,100800.0,978,5,1275,938,11150,0
10080.0,102900.0,1019,37,1307,982,11222,0
10140.0,102480.0,930,1,1207,900,11286,0
10200.0,97680.0,1016,0,1297,992,11348,0
10260.0,102720.0,997,15,1262,937,11421,0
10320.0,102840.0,943,0,1249,927,11491,0
10380.0,97680.0,980,3,1251,935,11556,0
10440.0,98280.0,971,0,1231,916,11627,0
10500.0,100380.0,932,0,1188,886,11707,0
10560.0,99060.0,927,0,1196,894,11766,0
10620.0,99960.0,984,8,1240,935,11835,0
10680.0,100740.0,910,2,1157,883,11903,0
10740.0,100440.0,978,1,1257,972,11964,0
10800.0,102660.0,960,0,1228,946,12031,0
10860.0,101280.0,900,0,1195,921,12093,0
10920.0,98700.0,910,0,1182,900,12169,0
10980.0,97980.0,969,1,1213,906,12242,0
11040.0,100800.0,921,0,1180,899,12308,0
11100.0,99540.0,986,7,1242,938,12378,0
11160.0,101880.0,922,0,1192,916,12438,0
11220.0,98280.0,960,2,1209,914,12502,0
11280.0,100380.0,991,0,1258,976,12577,0
11340.0,103620.0,933,1,1217,938,12642,0
11400.0,98520.0,985,0,1241,955,12712,0
11460.0,102420.0,990,16,1238,922,12787,0
11520.0,102660.0,994,3,1275,961,12849,0
11580.0,102900.0,945,1,1224,938,12929,0
11640.0,97920.0,1049,4,1299,967,12989,0
11700.0,105600.0,964,0,1239,941,13062,0
11760.0,98880.0,968,0,1232,921,13125,0
11820.0,100860.0,937,0,1232,921,13195,0
11880.0,99780.0,1006,3,1279,961,13255,0
11940.0,102480.0,1022,2,1300,978,13322,0
12000.0,104580.0,957,2,1243,944,13385,0
12060.0,100860.0,961,0,1256,948,13455,0
12120.0,98640.0,961,0,1224,927,13521,0
12180.0,99120.0,958,0,1223,906,13591,0
12240.0,101220.0,964,0,1249,938,13656,0
12300.0,101280.0,952,0,1249,949,13730,0
12360.0,101400.0,917,0,1206,910,13797,0
12420.0,99720.0,978,0,1249,959,13867,0
12480.0,101580.0,995,0,1279,989,13942,0
12540.0,102120.0,979,0,1232,944,14017,0
12600.0,100320.0,964,0,1217,937,14084,0
12660.0,101340.0,958,2,1233,934,14154,0
12720.0,99900.0,993,7,1251,939,14210,0
12780.0,102060.0,965,0,1231,910,14277,0
12840.0,102780.0,1019,3,1276,969,14356,0
12900.0,103140.0,980,3,1252,961,14422,0
12960.0,103620.0,1009,0,1289,992,14492,0
13020.0,102660.0,1008,0,1254,933,14542,0
13080.0,103200.0,960,6,1234,920,14622,0
13140.0,100320.0,945,3,1231,927,14698,0
13200.0,98820.0,948,1,1211,917,14763,0
13260.0,98940.0,903,0,1176,881,14826,0
13320.0,97200.0,974,0,1252,930,14892,0
13380.0,101820.0,972,5,1264,936,14957,0
13440.0,100380.0,1008,0,1277,943,15020,0
13500.0,104160.0,996,0,1269,945,15096,0
13560.0,102480.0,926,0,1221,921,15169,0
13620.0,100380.0,965,5,1255,945,15230,0
13680.0,99300.0,985,0,1260,950,15309,1
13740.0,101220.0,907,0,1184,882,15379,0
13800.0,98220.0,1000,0,1293,986,15445,0
13860.0,104040.0,967,3,1269,959,15511,0
13920.0,102540.0,983,1,1274,962,15573,0
13980.0,100620.0,962,4,1238,924,15636,0
14040.0,99480.0,928,6,1213,908,15711,0
14100.0,96300.0,958,1,1234,932,15776,0
14160.0,100560.0,981,0,1256,949,15847,0
14220.0,101400.0,967,1,1249,925,15926,0
14280.0,102660.0,913,2,1183,887,15991,0
14340.0,99300.0,953,0,1232,940,16057,0
14400.0,100320.0,955,0,1212,919,16131,0
